{"cameraMode":{"drawMode":0,"name":"Shaded","section":"Shading Mode"},"sceneLighting":true,"audioPlay":false,"sceneViewState":{"showFog":true,"showMaterialUpdate":false,"showSkybox":true,"showFlares":true,"showImageEffects":true,"showParticleSystems":true},"in2DMode":false,"pivot":{"x":0.490966796875,"y":-0.22705078125,"z":-0.7978515625},"rotation":{"x":0.11330334842205048,"y":0.35246291756629946,"z":-0.043036215007305148,"w":0.9279447793960571},"size":2.9562180042266847,"orthographic":true}