{"cameraMode":{"drawMode":0,"name":"Shaded","section":"Shading Mode"},"sceneLighting":true,"audioPlay":false,"sceneViewState":{"showFog":true,"showMaterialUpdate":false,"showSkybox":true,"showFlares":true,"showImageEffects":true,"showParticleSystems":true},"in2DMode":false,"pivot":{"x":-12.39752197265625,"y":5.22900390625,"z":2.0185546875},"rotation":{"x":-0.42501744627952578,"y":-0.08375576883554459,"z":0.039535876363515857,"w":-0.9004579186439514},"size":3.4325239658355715,"orthographic":true}