{"cameraMode":{"drawMode":0,"name":"Shaded","section":"Shading Mode"},"sceneLighting":false,"audioPlay":false,"sceneViewState":{"showFog":true,"showMaterialUpdate":false,"showSkybox":false,"showFlares":true,"showImageEffects":true,"showParticleSystems":true},"in2DMode":false,"pivot":{"x":20.90860939025879,"y":0.923362135887146,"z":1.6221214532852173},"rotation":{"x":0.339979887008667,"y":-0.18696317076683045,"z":0.06916159391403198,"w":0.9190629720687866},"size":0.5389002561569214,"orthographic":false}