{"cameraMode":{"drawMode":0,"name":"Shaded","section":"Shading Mode"},"sceneLighting":true,"audioPlay":false,"sceneViewState":{"showFog":true,"showMaterialUpdate":false,"showSkybox":true,"showFlares":true,"showImageEffects":true,"showParticleSystems":true},"in2DMode":false,"pivot":{"x":22.8341064453125,"y":0.478271484375,"z":1.217529296875},"rotation":{"x":0.1733526736497879,"y":0.7547224760055542,"z":-0.5930363535881043,"w":0.22062703967094422},"size":2.1853864192962648,"orthographic":true}