{"cameraMode":{"drawMode":0,"name":"Shaded","section":"Shading Mode"},"sceneLighting":true,"audioPlay":false,"sceneViewState":{"showFog":true,"showMaterialUpdate":false,"showSkybox":true,"showFlares":true,"showImageEffects":true,"showParticleSystems":true},"in2DMode":false,"pivot":{"x":20.60528564453125,"y":1.0606689453125,"z":2.60107421875},"rotation":{"x":0.12222490459680557,"y":0.34035757184028628,"z":-0.044668618589639667,"w":0.9312605261802673},"size":2.3001365661621095,"orthographic":true}