{"cameraMode":{"drawMode":0,"name":"Shaded","section":"Shading Mode"},"sceneLighting":true,"audioPlay":false,"sceneViewState":{"showFog":true,"showMaterialUpdate":false,"showSkybox":true,"showFlares":true,"showImageEffects":true,"showParticleSystems":true},"in2DMode":false,"pivot":{"x":22.377182006835939,"y":1.213531494140625,"z":1.7205810546875},"rotation":{"x":-0.22336839139461518,"y":-0.7748842239379883,"z":0.3873099982738495,"w":-0.44694626331329348},"size":3.149974822998047,"orthographic":true}