{"cameraMode":{"drawMode":0,"name":"Shaded","section":"Shading Mode"},"sceneLighting":true,"audioPlay":false,"sceneViewState":{"showFog":true,"showMaterialUpdate":false,"showSkybox":true,"showFlares":true,"showImageEffects":true,"showParticleSystems":true},"in2DMode":false,"pivot":{"x":-1.1581368446350098,"y":1.6231982707977296,"z":12.3603515625},"rotation":{"x":-0.07338197529315949,"y":-0.037389952689409259,"z":-0.0027531033847481014,"w":0.9965983033180237},"size":1.270063042640686,"orthographic":true}