{"cameraMode":{"drawMode":0,"name":"Shaded","section":"Shading Mode"},"sceneLighting":false,"audioPlay":false,"sceneViewState":{"showFog":true,"showMaterialUpdate":false,"showSkybox":false,"showFlares":true,"showImageEffects":true,"showParticleSystems":true},"in2DMode":false,"pivot":{"x":-0.172607421875,"y":0.550048828125,"z":0.645538330078125},"rotation":{"x":0.30349528789520266,"y":0.5912712216377258,"z":-0.25558674335479739,"w":0.7021311521530151},"size":1.690605878829956,"orthographic":true}