{"cameraMode":{"drawMode":0,"name":"Shaded","section":"Shading Mode"},"sceneLighting":true,"audioPlay":false,"sceneViewState":{"showFog":true,"showMaterialUpdate":false,"showSkybox":true,"showFlares":true,"showImageEffects":true,"showParticleSystems":true},"in2DMode":false,"pivot":{"x":22.27099609375,"y":1.46356201171875,"z":0.46893310546875},"rotation":{"x":0.0669344812631607,"y":0.6901912689208984,"z":-0.0643734559416771,"w":0.7176485657691956},"size":1.6906054019927979,"orthographic":true}