{"cameraMode":{"drawMode":0,"name":"Shaded","section":"Shading Mode"},"sceneLighting":true,"audioPlay":false,"sceneViewState":{"showFog":true,"showMaterialUpdate":false,"showSkybox":true,"showFlares":true,"showImageEffects":true,"showParticleSystems":true},"in2DMode":false,"pivot":{"x":0.4466218650341034,"y":-1.2719999551773072,"z":1.6740000247955323},"rotation":{"x":0.2797195315361023,"y":0.0054766591638326649,"z":-0.001633281004615128,"w":0.9600892663002014},"size":2.642099618911743,"orthographic":true}