{"cameraMode":{"drawMode":0,"name":"Shaded","section":"Shading Mode"},"sceneLighting":true,"audioPlay":false,"sceneViewState":{"showFog":true,"showMaterialUpdate":false,"showSkybox":true,"showFlares":true,"showImageEffects":true,"showParticleSystems":true},"in2DMode":false,"pivot":{"x":22.8341064453125,"y":0.478271484375,"z":1.217529296875},"rotation":{"x":0.15934954583644868,"y":0.8405556678771973,"z":-0.35885491967201235,"w":0.37325382232666018},"size":2.1853864192962648,"orthographic":true}